RKPRTIYSSLQLQQLNRRFQRTQYLALPERAELAASLGLTQTQVKIWFQNRRSKYKK,1:2:3:4:46:49:50:53:54
RLPRIPFTPQQLQALENAYKESNYLSAEDANKLADSLELTNTRVKIWFQNRRARERR,1:2:3:4:46:49:50:53:54
MMRRAVFSDSQRKGLEKRFQQQKYISKPDRKKLAERLGLKDSQVKIWFQNRRMKWRN,1:2:3:4:46:49:50:53:54
RHSRTIFTSYQLEKLEEAFKEAHYPDVYAREMLSLKTELPEDRIQVWFQNRRAKWRK,1:2:3:4:46:49:50:53:54
KRIRTAFSPSQLLKLEHAFESNQYVVGAERKALAQNLNLSETQVKVWFQNRRTKHKR,1:2:3:4:46:49:50:53:54
RANLPKETVKILNEWLYDHINNPYPTPQEKMELSLKTGLTKIQLSNWFINVRRRKVF,1:2:3:4:46:49:50:53:54
AEKRTSIETNIRVALEKSFMENQKPTSEDITLIAEQLNMEKEVIRVWFSNRRQKEKR,1:2:3:4:46:49:50:53:54
RRSRTTFSASQLDELERAFERTQYPDIYTREELAQRTNLTEARIQVWFQNRRARLRK,1:2:3:4:46:49:50:53:54
RKPRTPFTTAQLLALERKFRQKQYLSIAERAEFSSSLSLTETQVKIWFQNRRAKAKR,1:2:3:4:46:49:50:53:54
RKRRVLFTKAQTYELERRFRQQRYLSAPEREHLASLIRLTPTQVKIWFQNHRYKTKR,1:2:3:4:46:49:50:53:54
RRTRTTFTSSQIAELEQHFLQGRYLTAPRLADLSAKLALGTAQVKIWFKNRRRRHKI,1:2:3:4:46:49:50:53:54
RLPRLVFTDVQRRTLHAIFKENKRPSKELQITISQQLGLELSTVSNFFMNARRRSLD,1:2:3:4:46:49:50:53:54
KRTRTAYTRAQLLELEKEFLFNKYISRPRRVELAVMLNLTERHIKIWFQNRRMKWKK,1:2:3:4:46:49:50:53:54
RRRRTAFTSEQLLELEKEFHCKKYLSLTERSQIAHALKLSEVQVKIWFQNRRAKWKR,1:2:3:4:46:49:50:53:54
LEETDSIEVGVKGALESHFLKCPKPSAHEITGLADSLQLEKEVVRVWFCNRRQKEKR,1:2:3:4:46:49:50:53:54
TPPRTSFTRIQVAELEKRFHKQKYLASAERAALARGLKMTDAQVKTWFQNRRTKWRR,1:2:3:4:46:49:50:53:54
RRSRTTFTAEQLEELERAFERTHYPDIYTREELAQRAKLTEARVQVWFSNRRARWRK,1:2:3:4:46:49:50:53:54
KKPRVVLAPEEKEALKRAYQQKPYPSPKTIEELATQLNLKTSTVINWFHNYRSRIRR,1:2:3:4:46:49:50:53:54
RKPRTIYSSFQLAALQRRFQKTQYLALPERAELAASLGLTQTQVKIWFQNKRSKIKK,1:2:3:4:46:49:50:53:54
RRHRTIFTDEQLEALENLFQETKYPDVGTREQLARKVHLREEKVEVWFKNRRAKWRR,1:2:3:4:46:49:50:53:54
KRQRTAYTRHQILELEKEFHYNRYLTRRRRIEIAHTLVLSERQIKIWFQNRRMKWKK,1:2:3:4:46:49:50:53:54
SWSRAVFSNLQRKGLEKRFEIQKYVTKPDRKQLAAMLGLTDAQVKVWFQNRRMKWRH,1:2:3:4:46:49:50:53:54
RRNRTTFNSSQLQALERVFERTHYPDAFVREDLARRVNLTEARVQVWFQNRRAKFRR,1:2:3:4:46:49:50:53:54
NSGRTNFTNKQLTELEKEFHFNRYLTRARRIEIANTLQLNETQVKIWFQNRRMKQKK,1:2:3:4:46:49:50:53:54
RRNFNKQATEILNEYFYSHLSNPYPSEEAKEELAKKCGITVSQVSNWFGNKRIRYKK,1:2:3:4:46:49:50:53:54
KRQRTSYTRYQTLELEKEFHFNRYLTRRRRIEIAHALCLTERQIKIWFQNRRMKWKK,1:2:3:4:46:49:50:53:54
KRSRTAFSSLQLIELEREFHLNKYLARTRRIEISQRLALTERQVKIWFQNRRMKLKK,1:2:3:4:46:49:50:53:54
KKTRLVFSDIQRRTLQAIFRETKRPSREMQITISQQLNLDPTTVANFFMNARRRGHD,1:2:3:4:46:49:50:53:54
LSNWSKDAVEVLKKWLKQNCRHPYPTKQEKAELAEQTELTVTQVSTWFANARRRGRH,1:2:3:4:46:49:50:53:54
KGKRKRTVAKDKMILEEAYSSNPKPDKQARLDIVQRVSLNEKEVQIWFQNRRQNDRR,1:2:3:4:46:49:50:53:54
GHRFTLEALRSLKEWFSTHINNPYPTEEEKTILEHQTGLSRTQITNWLANARRRRMI,1:2:3:4:46:49:50:53:54
TNTRSVRKTRVLRNWYLSNLDHPYPSEEEKVGLAQQSGLSRSQVVNWFANSRRRHRL,1:2:3:4:46:49:50:53:54
GNRFSSESVKILRNWFAAHERHPYPSIQDVQDLQEQTGLNRQQVTNWFANARRRVKV,1:2:3:4:46:49:50:53:54
GGRFTRESVRILKNWLATHQNHPYPREPDRKMLQEETGLTKTQISNWLANARRRGKI,1:2:3:4:46:49:50:53:54
GARFSRESVRILKNWLSTHNRHPYPSDEEKEMLQRQTGLNKVQITNWLANARRRGKV,1:2:3:4:46:49:50:53:54
GQKRIRATGEALEFLISEFETNPNPSPERRKFISDKAQMNEKAVRIWFQNRRAKQRK,1:2:3:4:46:49:50:53:54
PSKKQAFNVHYIPVLEKYFEYNAYPTAQDRALLARKSMMSARQIEVWFQNHRRRARK,1:2:3:4:46:49:50:53:54
EVKRTPFNSEYTPLLEKYFEYNAYPSARDREWLARKTMMSVRQIEVWFQNHRRRARK,1:2:3:4:46:49:50:53:54
PRFKPTKEQLEILIKSYEENKTPDGPTREALAKKLGPDVRPKTLQIWFQNRRSKSRA,1:2:3:4:46:49:50:53:54
KSPRKRTNDVQLAMLSDVFQRTQYPSTEERDELARQLGMTSRSVQIWFQNRRRAVKV,1:2:3:4:46:49:50:53:54
LKTGRGHDSEAVRILEQAFKHSPNITPAEKFRLSEVTGLKPKQVTIWFQNRRNRKGK,1:2:3:4:46:49:50:53:54
RKKRNKCTPEQLHSLEAFFEKNRNPTGRIRLELSRKLRMPERSVQVWFQNRRAKVKT,1:2:3:4:46:49:50:53:54
KGKLPREARQALLDWWNLHYKWPYPTEGDKIALADATGLDQKQINNWFINQRKRHWK,1:2:3:4:46:49:50:53:54
KPKRQMKTPFQLETLEKVYSEEKYPSEATRAELSEKLDLSDRQLQMWFCHRRLKDKK,1:2:3:4:46:49:50:53:54
KKRYHRHTAQQIQRLESSFKECPHPDEKQRNQLSRELGLAPRQIKFWFQNRRTQLKA,1:2:3:4:46:49:50:53:54
SEKKRRLSINQVKALEKNFELENKLEPERKVKLAQELGLQPRQVAVWFQNRRARWKT,1:2:3:4:46:49:50:53:54
SEQLKFLERSFQEEIKLNPDRKMKLNPDRKMKLSKELGLQPRQIAVWFQNRKARWKN,1:2:3:4:46:49:50:53:54
SRKKLRLSKDQALVLEETFKEHSTLNPKQKLALAKQLNLRARQVEVWFQNRRARTKL,1:2:3:4:46:49:50:53:54
KNNQRRFSDEQIKSLEMMFESETRLEPRKKVQLARELGLQPRQVAIWFQNKRARWKS,1:2:3:4:46:49:50:53:54
SSSACKQTDPKTQRLYISFQENQYPDKATKESLAKELQMTVKQVNNWFKHRRWSINS,1:2:3:4:46:49:50:53:54
SRKKLRLSKEQALVLEETFKEHSTLNPKQKMALAKQLNLRTRQVEVWFQNRRARTKL,1:2:3:4:46:49:50:53:54
KKRYHRHTPQQIQELESMFKECPHPDEKQRLELSKRLCLETRQVKFWFQNRRTQMKT,1:2:3:4:46:49:50:53:54
CRKKLRLSKDQSAVLEDTFKEHNTLNPKQKLALAKKLGLTARQVEVWFQNRRARTKL,1:2:3:4:46:49:50:53:54
KKRYHRHTQRQIQELESFFKECPHPDDKQRKELSRELSLEPLQVKFWFQNKRTQMKA,1:2:3:4:46:49:50:53:54
SEKKRRLKVDQVKALEKNFELENKLEPERKTKLAQELGLQPRQVAVWFQNRRARWKT,1:2:3:4:46:49:50:53:54
AGKLPGDTTSVLKAWWQSHSKWPYPTEEDKARLVQETGLQLKQINNWFINQRKRNWH,1:2:3:4:46:49:50:53:54
RPRQNFSNTISNELRIVQERFHGSVPKKDAEEVAESMNLDKTRVNNWFKNNRKKYIR,1:2:3:4:46:49:50:53:54
GRIVYSTQELNILEKYYEEDPNACADPRKRETMCKTLSIDYHRLKVWFQNRRRKDKV,1:2:3:4:46:49:50:53:54
KRQRTAYTRNQVLELEKEFHTHKYLTRKRRIEVAHSLMLTERQVKIWFQNRRMKHKK,1:2:3:4:46:49:50:53:54
RRLRTAFSENQLELLEEAFLKCQYPDVQQRETLGKQTELAEARIQVWFKNRRAKARK,1:2:3:4:46:49:50:53:54
EETNYCFKSKSRNVLRDAYKKCQYPSVEDKRRLAQQTELSIIQVSNWFKNKRQRERA,1:2:3:4:46:49:50:53:54
KRPRTVFTDEQLEKLEESFNTSGYLSGSTRAKLAESLGLSDNQVKVWFQNRRTKQKK,1:2:3:4:46:49:50:53:54
RTSFNRGQLDQLEKVFRETQYPDVHRREALAKAINLPDGRVQVITVWFKNRRAKDRN,1:2:3:4:46:49:50:53:54
RRERTTYSRQQLEILETLFNETQYPDVFARERVADQIRLQESRIQVWFKNRRAKYRL,1:2:3:4:46:49:50:53:54
DKYRMVYSDYQRLELEKEFHTSPFITSDRKSQLSTMLSLTERQIKIWFQNRRAKDRR,1:2:3:4:46:49:50:53:54
NLSRPRLTKEQVETLEAQFQAHPKPSSNVKRQLAQQTHLSLPRVANWFQNRRAKAKQ,1:2:3:4:46:49:50:53:54
SRRFSTTAVSIMQSWLAQHQDYPYPTEQEKEQLGRETGLDVTQISNWFTNARRRRTV,1:2:3:4:46:49:50:53:54
YQRLPPQAVKVLRAWLYQHREYPYPTDREKEELAEQTGLDKTQISNWFSNTRRRKLT,1:2:3:4:46:49:50:53:54
RQKRRRTSPEDHAILEAEYQRNPKPDKAARADIVSRVSLGEKEVQIWFQNRRQNDRR,1:2:3:4:46:49:50:53:54
KKGRQTYQRFQTSVLEAKFQQSSYVSKKQREELRLQTQLTDRQIKIWFQNRRMKAKK,1:2:3:4:46:49:50:53:54
RRFRTNFTEHQSLFLEDSFKESHYPDHKAKRHMADFLNIPEDRITVWFQNRRAKWRR,1:2:3:4:46:49:50:53:54
KRNATREATAPLKDWLHAHRKNPYPSKNDKLMLAVGTGMTLTQVSTWFANARRRLKK,1:2:3:4:46:49:50:53:54
GAKLSKESKDILENWIKNHIAHPYPTNDEKEQLQRQTGLTPNQISNWFINTRRRKVP,1:2:3:4:46:49:50:53:54
RFTDFQIKRMNDCFENLDKNNNGKFTSEEICQIATELGLTDQQVRVFFQNKRARSRP,1:2:3:4:46:49:50:53:54
KKRRTRLKKEQADILKTFFDNDDYPTKDDKETLANRLGMSYCAVTTWFSNKRQEKKR,1:2:3:4:46:49:50:53:54
NIRNIRSSGISTKKLEDFFSINQYPNKNEIKDFANYYQCDETKIKNWFKGKRDRLKK,1:2:3:4:46:49:50:53:54
RGKLPGEATSILKKWLFEHNMHPYPTEEEKVALANSTFLSFNQINNWFTNARRRILP,1:2:3:4:46:49:50:53:54
KKKRQRTSPEQLAILEQIFETDKMPSQQIRVRLANQLGMSSRRVQIWFQNKRAKVKR,1:2:3:4:46:49:50:53:54
RRRRRPYTKYQLSELEREFGANEFISREMREQIAVRVGLNDRQVKIWFQNRRMKKKR,1:2:3:4:46:49:50:53:54
KRTRAAFTQAQVSALEQRFIQQKYLTGNERTEFAHALQLTETQIKIWFQNRRYKTKR,1:2:3:4:46:49:50:53:54
SRGRTTYSVDQITELEKLFTRNAYPTPQSRQELARNIRVPEGKVKIWFQNRRARAKK,1:2:3:4:46:49:50:53:54
RRSRTTFDPHQINELEKVFRTTHYPDIGTRDKLAAQINLPEARIQIWFQNRRAKWRK,1:2:3:4:46:49:50:53:54
RRHRTIFTSYQLEELEKAFNEAHYPDVYAREMLAMKTELPEDRIQVWFQNRRAKWRK,1:2:3:4:46:49:50:53:54
RRARANYSSWQLEELEKTFQSTHYPDIFMREALALRLDLIEARVQVWFQNRRAKMRR,1:2:3:4:46:49:50:53:54
GRIRTVFTDNQTEQLERLFAVTDYPTVETRAELAQNTGLSEETVRVWFKNRRARRKR,1:2:3:4:46:49:50:53:54
RKKRVPYTKFQLKELEREYNTTKFITKENRRRIASSTNLSERQVTIWFQNRRVKDKK,1:2:3:4:46:49:50:53:54
KRARTAYTSAQLVELEKEFHFNRYLCRPRRVEMANLLNLTERQIKIWFQNRRMKYKK,1:2:3:4:46:49:50:53:54
KKTRTLYRSDQLEELEKIFQEDHYPDSDKRREIAQTVGVTPQRIMVWFQNRRAKWRK,1:2:3:4:46:49:50:53:54
KRMRTSFKHHQLRTMKSYFAINHNPDAKDLKQLAQKTGLTKRVLQVWFQNARAKFRR,1:2:3:4:46:49:50:53:54
KRARTSFTAEQLQVMQAQFAQDNNPDAQTLQKLADMTGLSRRVIQVWFQNCRARHKK,1:2:3:4:46:49:50:53:54
KRIRTAFSPSQLLRLERAFEKNHYVVGAERKQLAGSLSLSETQVKVWFQNRRTKYKR,1:2:3:4:46:49:50:53:54
RKSRTAFTNHQIYELEKRFLYQKYLSPADRDQIAQQLGLTNAQVITWFQNRRAKLKR,1:2:3:4:46:49:50:53:54
PRVRTAFTMEQVRTLEGVFQHHQYLSPLERKRLAREMQLSEVQIKTWFQNRRMKHKR,1:2:3:4:46:49:50:53:54
RKKRIPYSKGQLRELEREYAANKFITKDKRRKISAATSLSERQITIWFQNRRVKEKK,1:2:3:4:46:49:50:53:54
KRPRTAFTAEQLQRLKAEFQANRYITEQRRQTLAQELSLNESQIKIWFQNKRAKIKK,1:2:3:4:46:49:50:53:54
KHTRPTFSGQQIFALEKTFEQTKYLAGPERARLAYSLGMTESQVKVWFQNRRTKWRK,1:2:3:4:46:49:50:53:54
RGNLPKESVQILRDWLYEHRYNAYPSEQEKALLSQQTHLSTLQVCNWFINARRRLLP,1:2:3:4:46:49:50:53:54
RRSRTNFTLEQLNELERLFDETHYPDAFMREELSQRLGLSEARVQVWFQNRRAKCRK,1:2:3:4:46:49:50:53:54
LKSRNFPREVREKLHNFAVGVNTNPSKAERENLALETSLTPEQVYNWFANYRRRQRA,1:2:3:4:46:49:50:53:54
DKYRVVYTDHQRLELEKEFHYSRYITIRRKAELAAALGLTERQVKIWFQNRRAKERK,1:2:3:4:46:49:50:53:54
RRKRTTFSVGQLVELERVFAARPYPDISTREHLAQVTHLPEAKIQVWFQNRRAKRIK,1:2:3:4:46:49:50:53:54
QKMRTVFSQAQLCALKDRFQKQKYLSLQQMQELSSILNLSYKQVKTWFQNQRMKCKR,1:2:3:4:46:49:50:53:54
QKNPSKEERETLVEECNRAECIQRGVSPSQAQGLGSNLVTEVRVYNWFANRRKEEAF,1:2:3:4:46:49:50:53:54
KRVRTTFNLQQLQELEKVFAKQHNLVGKERAQLAARLHLTENQVRIWFQNRRVKYQK,1:2:3:4:46:49:50:53:54
SRNRHRFTEFQLQELERIFERNHYPSAAARRELARWIGVTESRVENWFKSRRAKYRK,1:2:3:4:46:49:50:53:54
RKARTAFSEQQLWRLERSFQRQKYLSVQERLALAAALQLSDTQVKTWYQNRRTKWKR,1:2:3:4:46:49:50:53:54
RRSRTVFTELQLMGLEKRFEKQKYLSTPDRIDLAESLGLSQLQVKTWYQNRRMKWKK,1:2:3:4:46:49:50:53:54
RRKRTSFSKDHVELLRATFETDPYPGISLRESLSQATGLPESRIQVWFQNRRARTLK,1:2:3:4:46:49:50:53:54
RRTRTNFTGWQLEELEKAFNESHYPDVFMREALALRLDLIESRVQVWFQNRRAKWRK,1:2:3:4:46:49:50:53:54
KKSRTLYSMDQLQELERLFAEDHYPDSEKRREIAEIIGVTPQRIMVWFQNRRAKWRK,1:2:3:4:46:49:50:53:54
RKPRQAYSARQLDRLETEFQTDKYLSVNKRIQLSQTLNLTETQIKTWFQNRRTKWKK,1:2:3:4:46:49:50:53:54
RKRRVLFTKAQTYELERRFRSQKYLSAPEREALAMQIRLTPTQVKIWFQNHRYKTKK,1:2:3:4:46:49:50:53:54
RKRRVLFSQAQVYELERRFKQAKYLTAPEREQLANSIRLTPTQVKIWFQNHRYKCKR,1:2:3:4:46:49:50:53:54
RRHRTIFTEEQLEQLEATFDKTHYPDVVLREQLALKVDLKEERVEVWFKNRRAKWRK,1:2:3:4:46:49:50:53:54
RHGRTIFTSSQLEELEKAFKEAHYPDVSARELLSMKTGLAEDRIQVWYQNRRAKWRK,1:2:3:4:46:49:50:53:54
RKPRQAYSASQLERLENEFNLDKYLSVSKRVELSKSLSLTEVQVKTWFQNRRTKWKK,1:2:3:4:46:49:50:53:54
RKRRTSFTPQALELLNAHFERNTHPSGTEITGLAHQLGYEREVIRIWFCNKRQALKN,1:2:3:4:46:49:50:53:54
RKPRVLFTQHQVNELEERFKKQRYVTATEREELAQCLGLTATQVKIWFQNRRYKCKR,1:2:3:4:46:49:50:53:54
AGKLPGDTTTILKQWWQQHSKWPYPTEDDKAKLVEETGLQLKQINNWFINQRKRNWH,1:2:3:4:46:49:50:53:54
ADRKKRFSEEQIKSLESMFATQTKLEPRQKLQLARELGLQPRQVAIWFQNKRARWKS,1:2:3:4:46:49:50:53:54
RRYRTAFSREQIGRLEREFAKENYVSRKTRGELAAELNLPEGTIKVWFQNRRMKDKR,1:2:3:4:46:49:50:53:54
KGGQIRFTNEQTDALEHKFDSHKYLSPQERKKLAKSLSLSERQVKTWFQNRRAKWRR,1:2:3:4:46:49:50:53:54
TEPKPRLAKDEVELLEREFAKNPKPNTSLKRELAEQMGVEVPRINNWFQNRRAKEKQ,1:2:3:4:46:49:50:53:54
KGKRKRTTAKDKAILEAAYNANPKPDKAARQDIVNRVSLNEKEVQIWFQNRRQNDRR,1:2:3:4:46:49:50:53:54
NQKRQRATQDQLTTLEMEFNKNPTPTATVRERIAEEINMTERSVQIWFQNRRAKIKL,1:2:3:4:46:49:50:53:54
MKRFRLTHQQTRFLMSEFAKQPHPDAAHRERLSREIPGLSPRQVQVWFQNRRAKIKR,1:2:3:4:46:49:50:53:54
RRKRTTFSKAQLTELEKAFSITQYPDIKIKESLASRTGLPESTIQVWFQNRRARYFK,1:2:3:4:46:49:50:53:54
KKTRQNFKIAELGLLKESFEKDSHPGTSEMNRLAGLLNRNEAQINRWFKAMRVKVKK,1:2:3:4:46:49:50:53:54
RRKRTTFSPEQATRLEAEYIGDSYMAREKRHLLAQSLKLSENQVKTWFQNRRAKDKR,1:2:3:4:46:49:50:53:54
KSKKQRLTADQLAYLLREFSKDTNPPPAIREKIGRELNIPERSVTIWFQNRRAKSKL,1:2:3:4:46:49:50:53:54
RRRRTTDAEATLLEQYFLKTPKPSLIERQELSKKLKSSMTPRELQIWFQNKRQSLRR,1:2:3:4:46:49:50:53:54
KRNRITFDANQIDEMEKVFAENQYPDTMSREKLANKIQLHEERVQIWFQNRRAKYRR,1:2:3:4:46:49:50:53:54
PKVFSKEAITKFRAWLFHNLTHPYPSEEQKKQLAKETGLTILQVNNWFINARRRIVQ,1:2:3:4:46:49:50:53:54
SRARTKFTAEQLEELEKSFKENRYIGSSEKRRLSKVLKLSENQIKTWFQNRRMKFKR,1:2:3:4:46:49:50:53:54
RGARTPFSDSQLYALRTRFEQCDTIKVDERRKLGAVIGLSPEQIKIWFQNRRFKLRK,1:2:3:4:46:49:50:53:54
KRVRTTFAEDQLSVLQTYFNRDSNPDGADLEKIASMTGLSKRVTQVWFQNSRARQKK,1:2:3:4:46:49:50:53:54
RKARTIYGTTQTQQLEDMFKGQMYVVGAERENLAQRLGLSPSQVRIWFQNRRSKHRR,1:2:3:4:46:49:50:53:54
VKHRKRTTKAQLKVLEETFETNIRPDANMRKKLGEQLGMTPRSVQVWFQNRRAKIKK,1:2:3:4:46:49:50:53:54
KRSRIQLHDWQSMLLEHSFRMNPYPDRIEKYNLFLKTKIPMKNVKIWFQNRRAREKS,1:2:3:4:46:49:50:53:54
SIKSRRFPKFITEALERSFEIDQYPSEAEKARLAKICKLSTKQINNWFTNKRNRTKG,1:2:3:4:46:49:50:53:54
TKKVSKYAKQVLSEWFLAHVDNPYANRDERHKISVATGLTDHQIKVWLTNARIRKRS,1:2:3:4:46:49:50:53:54
KKRFSKSAKQILNDWFENNIKNPYPSKEELAQLTKETGLSLKQLHTYFINKRVRCKQ,1:2:3:4:46:49:50:53:54
RGLLPRQATDTLRGWLFQHLVHPYPSEDEKRNLAQQTGLTLLQVNNWFINARRRILQ,1:2:3:4:46:49:50:53:54
RPRTILTTEQRKKFKAYFDSGGEKPSRKIREKLAAETGLTARVVQVWFQNQRAKKKK,1:2:3:4:46:49:50:53:54
RKNATRENTAPLKKWLEEHMRNPYPTKAEKITLAIISSMSLTQVSTWFANARRRLKK,1:2:3:4:46:49:50:53:54
RRSRTNFTMEQIHALESLFEQTHYPDAFMREELSQNLGLSEARVQVWFQNRRAKSRK,1:2:3:4:46:49:50:53:54
RRERTIYTPEQLEAMEEVFGVNRYPDVSMREELASRLGINESKIQVWFKNRRAKLRN,1:2:3:4:46:49:50:53:54
RRKRKPYTKQQIAELENEFLANEFINRQKRKELSDRLNLSDQQVKIWFQNRRMKKKR,1:2:3:4:46:49:50:53:54
GHRFTKENVHTLEAWYSNHIDNPYLDPKSLQSLAQKTNLSKIQIKNWVSNRRRKQKH,1:2:3:4:46:49:50:53:54
SKRFPKTAQMELENWYTENEDNPYLSKRDLQQLVHKTGLCAPQVRNWVSNRRRKERT,1:2:3:4:46:49:50:53:54
GSGRTNFTTKQLTELEKEFHYNKYLTRARRIEIATALQLNETQVKIWFQNRRMKQKK,1:2:3:4:46:49:50:53:54
RRPRTAFSGTQIEVLESVFRVNPYPGIDVREELACKLELDEDRIQIWFQNRRAKLKR,1:2:3:4:46:49:50:53:54
STSKTLHGEHATQRLLQSFKENQYPQRAVKESLAAELALSVRQVSNWFNNRRWSFRH,1:2:3:4:46:49:50:53:54
HPKKPAFNSEYTPVLEQYFEYNAYPSVRDRELLARKSSMTPRQIEVWFQNHRRRARK,1:2:3:4:46:49:50:53:54
VSGKPRFNNESIPLLETYFEHNAYPSAQDRALLARKSRMCPRQIEVWFQNHRRRAKK,1:2:3:4:46:49:50:53:54
KRKRTSYSRRQIFELENEFNRSRYITREKRIELSMILNLTERQVKTWFQNRRMKTKK,1:2:3:4:46:49:50:53:54
CKKRVCFTQKQIVELEKEFHYNRYLTRARRVEIAQLLKLTEAQIKIWFQNRRMKQKR,1:2:3:4:46:49:50:53:54
PAAKTSFNADFVPFLEKYFEFNAYPSAADRSLMARKSMMTPRQIEVWFQNHRNRARK,1:2:3:4:46:49:50:53:54
RKNRYNFTPEQTDLLEQLFEKTPYPDATTREEIAKKTNLSEARVQVWFSNRRAKMRK,1:2:3:4:46:49:50:53:54
LQEHTRFTPGQLQELESIFQRNQYPNGPVRKEIARQMGVTEARVQVWFKNRRARWRR,1:2:3:4:46:49:50:53:54
KRTRTTFSSAQVYELEKKFQRSQYLSAVDRLNLAAALSMSDVQVKRWFQNRRCKERH,1:2:3:4:46:49:50:53:54
DKYRVVYTDHQRLELEKEFHYNKYITIRRKSELATVLGLSERQVKIWFQNRRAKDRK,1:2:3:4:46:49:50:53:54
NKKRFTFTQRQLVELEKEFHFSKYLTRTRRIEIASNLDLTETQIKIWFQNRRMKWKR,1:2:3:4:46:49:50:53:54
RRKRSCFDAKQVKAMEKEFSQKKYISYEERIKLSETLQLDESQIKIWFQNRRAKGKK,1:2:3:4:46:49:50:53:54
RKRRQTYSRQQTAELEREYVSNRYLTRRRRIEISQHLDLSERQIKIWFQNRRMKERR,1:2:3:4:46:49:50:53:54
HGTRTAFTRTQLSRLEKEFTKESYISRTRRVELANELCLPENTIKVWFQNRRMKSKR,1:2:3:4:46:49:50:53:54
ESKRTPFNAEYTPLLEKYFEYNAYPSVRDRERLARKSMMTPRQIEVWFQNHRSRAKK,1:2:3:4:46:49:50:53:54
DKYRQVYTEQQKLELEKEFLTQKYVNARRKSEMARALQLTERQVKIWFQNRRAKERK,1:2:3:4:46:49:50:53:54
QIKRVRLSDEERNILESQYSKNNFPSPEIRDELAKKIGKTPRQVQIWFQNKRCKDRK,1:2:3:4:46:49:50:53:54
RRVRTSFADWQLCALESAFAQTHYPPIYERDQLAGYTGLPEERIQIWFKNRRAKHRR,1:2:3:4:46:49:50:53:54
PKLRPLFSKTQLSRLEKEFEEKRYLTETKRAELSKDLEMTETQVKTWFQNRRTKWRK,1:2:3:4:46:49:50:53:54
RNPRIPFSASQLAALEAKFLDTHYLSSVEVRDLSSSLSVTEHRVKIWFQNRRAREKK,1:2:3:4:46:49:50:53:54
RRNRTKFTAYQLEQLEDAYQKAKYPDVQARETLAQRLGVAESRVQVWFSNRRSKGKR,1:2:3:4:46:49:50:53:54
RRGRTVFSAQQLQVLERVFAGSQYIVGSQRKFLASQLRLSETQVRVWFQNRRIKWRK,1:2:3:4:46:49:50:53:54
QKQRPLFGQKQIQRLEEEFVCEKYISKSRRSALAAEIDLTDAQVRTWFQNRRTRWRK,1:2:3:4:46:49:50:53:54
PRNRKNFTGDQLRDLERLFEQTHYPDAMTREGLAKKLGLSEARVQIWFQNRRAKSRR,1:2:3:4:46:49:50:53:54
RKPRTCFTNRQIIELERRFMYQKYLSPSDRDDIAMALGLPGAQIITWFQNRRAKMRR,1:2:3:4:46:49:50:53:54
VEKKRRLSLEQVRSLERNFEVENKLEPERKMQLAKELGLQPRQVAVWFQNRRARWKT,1:2:3:4:46:49:50:53:54
TLHPEAKNVLKAWMFSPEHFAHPYPSEEEKEELANEAGIEVKQLSNWFTNARKRLWQ,1:2:3:4:46:49:50:53:54
TYRRKLFTDTQLESLNTAFARQKYLSSKEQGELATTLGLTSKQIKTWFQNKRYKSRQ,1:2:3:4:46:49:50:53:54
KRYRTSYTNRQLLELEKEFHYNKYLCGTRRRELANAMKLTERQVKVWFQNRRMKLKK,1:2:3:4:46:49:50:53:54
RRKRTIFTSEQLRRLEEEFDKHQYLVGTERQNLAKSLNLSETQVKIWFQNRRIKWRK,1:2:3:4:46:49:50:53:54
KRARTFISNDQLAFLKVAYASSPKTTLRDRERIAKETGLDMRVVQVWFQNRRAKDKR,1:2:3:4:46:49:50:53:54
RRCRTVFSTEQLAILEEGFQKQHFPDNKLRQAIATRAGLPEDRVQVWFQNRRAKEKR,1:2:3:4:46:49:50:53:54
TTTRSFFTEHQVACLQRVFANRRYVCSSERQKLAKELNMTDQQVKTWFQNRRMKVKR,1:2:3:4:46:49:50:53:54
KPRRSFFSADQVNQLERVFAAHQYVSAKERAEIAETLNMTDDQVKNWFQNRRMKRKR,1:2:3:4:46:49:50:53:54
TKLRPLFSKTQLSRLEKEFSGNKYLTESKREQLSKDLGMTETQVKTWFQNRRTKWRK,1:2:3:4:46:49:50:53:54
KRKRTAYTRKQLLELEKEFHFNHFLTKERRSEMASQLNLTERQVKIWFQNRRMKWKK,1:2:3:4:46:49:50:53:54
QITRTRFTPYQTQVLNETFSSSAYIDASTCGQLARLLGISSRSIQTWFKNKRYKLRI,1:2:3:4:46:49:50:53:54
RGKLPESARTRLMTWLFAHSNRPYPTEEEKSNLATITGLTPIQINNWFSNARRRILK,1:2:3:4:46:49:50:53:54
QPTPMQLQILENIFDQGNGTPSKQRIKEITAELSHHGQISETNVYNWFQNRRARSKR,1:2:3:4:46:49:50:53:54
KGKLPKDARTVLLEWWNTHYRWPYPTEEDKVRLAAMTGLDPKQINNWFINQRKRHWK,1:2:3:4:46:49:50:53:54
KGKLPKEARQKLLHWWELHYKWPYPSETEKMALAETTGLDPKQINNWFINQRKRHWK,1:2:3:4:46:49:50:53:54
KGAQSRIPLEARQILEDEFAANPYPCSWEIDIIAHQANLDVKKVRNWFNNTRARKKG,1:2:3:4:46:49:50:53:54
AKRRTVISSSNKRILEEQFALDSYPSDSEIRLLSHRTDLSGKAIKTWFSNTRSRRLK,1:2:3:4:46:49:50:53:54
MKRFRLTHNQTRFLMSEFARQAHPDAAHRERLAREIPGLSPRQVQVWFQNSDDRERM,1:2:3:4:46:49:50:53:54
KRPCFRFSHEAVEKLRQVFAENELPPKSVKDALSKELGLDAAKVNKWFKNARYMALK,1:2:3:4:46:49:50:53:54
IRKRKRKNNDQLKILKIEYQKGGFWGKEKILEVAQITGLSESQVYKWCWDQKKKRLE,1:2:3:4:46:49:50:53:54
KSKRTRATGEALEILKREFQLNPSPNAQNRKRISEMTGLPEKNVRIWFQNRRSKYRK,1:2:3:4:46:49:50:53:54
KRTRTAYTRGQLLELEKEFHFNKYISRPRRIELAAMLNLTERHIKIWFQNRRMKWKK,1:2:3:4:46:49:50:53:54
RKTRTTFSNCQLNELENNFNRQRYLTPTDRDRIAKHLGLTNTQVITWFQNRRAKLKR,1:2:3:4:46:49:50:53:54
RHLRTAFTPQQISKLEQAFNKQRYLGASERKKLATSLRLSEIQVKTWFQNRRMKLKR,1:2:3:4:46:49:50:53:54
RRKRTFFTQAQLDILEQFFQTNMYPDIHHREELARHIYIPESRIQVWFQNRRAKVRR,1:2:3:4:46:49:50:53:54
RLSRSTFTNEQLQSLEEVFLRDPYPSPNERADLVKRTNLPEARIQVWFSNRRAKWRK,1:2:3:4:46:49:50:53:54
RKKRTSIEVQVKSRLEYHFQKNPKPNAQEIAQVAMELQLEKEVVRVWFCNRRQKEKR,1:2:3:4:46:49:50:53:54
RKKRTSIETSVRVALEKAFVQNPKPTSEEITVLADSLAMEKEVVRVWFCNRRQKEKR,1:2:3:4:46:49:50:53:54
KRKRTSIAAPEKRELEQFFKQQPRPSGERIASIADRLDLKKNVVRVWFCNQRQKQKR,1:2:3:4:46:49:50:53:54
RKKRTSIEVGVKGALESHFLKCPKPGAAEINSLADSLQLEKEVVRVWFCNRRQKEKR,1:2:3:4:46:49:50:53:54
KRGRQTYTRYQTLELEKEFHFNRYLTRRRRIEIAHALSLTERQIKIWFQNRRMKWKK,1:2:3:4:46:49:50:53:54
MGIFPKVATNIMRAWLFQHLTHPYPSEEQKKQLAQDTGLTILQVNNWFINARRRIVQ,1:2:3:4:46:49:50:53:54
RKKRKPYSKLQLAELEGEFLVNEFITRQRRRELSDRLNLSDQQVKIWFQNRRMKKKR,1:2:3:4:46:49:50:53:54
RRYRTAFTREQIARLEKEFYRENYVSRPRRCELAAALNLPETTIKVWFQNRRMKDKR,1:2:3:4:46:49:50:53:54
KRIRTAFSPSQLLRLEHAFEKNHYVVGAERKQLAHSLSLTETQVKVWFQNRRTKFKR,1:2:3:4:46:49:50:53:54
RTRRTKFTLLQVEELESVFRHTQYPDVPTRRELAENLGVTEDKVRVWFKNKRARCRR,1:2:3:4:46:49:50:53:54
KRPRTAFSSEQLARLKREFNENRYLTERRRQQLSSELGLNEAQIKIWFQNKRAKIKK,1:2:3:4:46:49:50:53:54
VRYTPEQVEALERLYHDCPKPSSIRRQQLIRECPILSNIEPKQIKVWFQNRRCREKQ,1:2:3:4:46:49:50:53:54
RRNRTTFTSYQLEELEKVFQKTHYPDVYAREQLAMRTDLTEARVQVWFQNRRAKWRK,1:2:3:4:46:49:50:53:54
KRSRTAYTRQQVLELEKEFHFNRYLTRRRRIEIAHTLCLSERQVKIWFQNRRMKWKK,1:2:3:4:46:49:50:53:54
RRGRQTYTRYQTLELEKEFHFNRYLTRRRRIEIANALCLTERQIKIWFQNRRMKWKK,1:2:3:4:46:49:50:53:54
RKNATRETTSTLKAWLNEHKKNPYPTKGEKIMLAIITKMTLTQVSTWFANARRRLKK,1:2:3:4:46:49:50:53:54
GEKKRRLNMEQVKTLEKNFELGNKLEPERKMQLARALGLQPRQIAIWFQNRRARWKT,1:2:3:4:46:49:50:53:54
RRKKLRLTKEQSHLLEESFIQNHTLTPKQKKDLATFLKLSQRQVEVWFQNRRARSKL,1:2:3:4:46:49:50:53:54
GEKKKRLQLEQVKALEKSFELGNKLEPERKIQLAKALGMQPRQIAIWFQNRRARWKT,1:2:3:4:46:49:50:53:54
WFRKRKLSDEQVRMLEISFEDDHKLESERKDRLASELGLDPRQVAVWFQNRRARWKN,1:2:3:4:46:49:50:53:54
LFRKRKLTDEQVNMLEMSFGDEHKLESERKDRLAAELGLDPRQVAVWFQNRRARWKN,1:2:3:4:46:49:50:53:54
MLRKRKLTDEQVNMLEYSFGNEHKLESGRKEKIAGELGLDPRQVAVWFQNRRARWKN,1:2:3:4:46:49:50:53:54
SRKKLRLSKDQSAFLEETFKEHNTLNPKQKLALAKKLNLTARQVEVWFQNRRARTKL,1:2:3:4:46:49:50:53:54
ARKKLRLTKQQSALLEDNFKLHSTLNPKQKQALARQLNLRPRQVEVWFQNRRARTKL,1:2:3:4:46:49:50:53:54
KKRYHRHTPKQIQDLESVFKECAHPDEKQRLDLSRRLNLDPRQVKFWFQNRRTQMKT,1:2:3:4:46:49:50:53:54
RKRRTSFTPQAIEALNAYFEKNPLPTGQEITEIAKELNYDREVVRVWFCNRRQTLKN,1:2:3:4:46:49:50:53:54
KKTRTVFSRSQVFQLESTFDMKRYLSSSERAGLAASLHLTETQVKIWFQNRRNKWKR,1:2:3:4:46:49:50:53:54
PRKAYRFTPGQLWELQAVFVENQYPDALKRKELAGLLNVDEQKIKDWFNNKRAKYRK,1:2:3:4:46:49:50:53:54
RKERTVYTKEQQRLLQKHFDECQYPNEKKIMELAVSVGVTKMEIKIWFKNNRAKYRR,1:2:3:4:46:49:50:53:54
RRHRTTFTSLQLEELEKVFQKTHYPDVYVREQLALRTELTEARVQVWFQNRRAKWRK,1:2:3:4:46:49:50:53:54
RKKRKPYSKFQTLELEKEFLFNAYVSKQKRWELARNLQLTERQVKIWFQNRRMKNKK,1:2:3:4:46:49:50:53:54
RRYRTAFTRDQLGRLEKEFYKENYVSRPRRCELAAQLNLPESTIKVWFQNRRMKDKR,1:2:3:4:46:49:50:53:54
RKSRTAFTNQQIFELEKRFLYQKYLSPADRDEIAGGLGLSNAQVITWFQNRRAKLKR,1:2:3:4:46:49:50:53:54
RKPRTPFTTQQLLSLEKKFREKQYLSIAERAEFSSSLRLTETQVKIWFQNRRAKAKR,1:2:3:4:46:49:50:53:54
EETVYCFKEKSRNALKDCYLTNRYPTPDEKKTLAKKTGLTLTQVSNWFKNRRQRDRT,1:2:3:4:46:49:50:53:54
RKPRVLFSQAQVLELECRFRLKKYLTGAEREIIAQKLNLSATQVKIWFQNRRYKSKR,1:2:3:4:46:49:50:53:54
RRGRQTYTRYQTLELEKEFHTNHYLTRRRRIEMAHALCLTERQIKIWFQNRRMKLKK,1:2:3:4:46:49:50:53:54
RRYRTTFTSYQLEELERAFQKTHYLDVFTREELAMRLDLTEARVQVWFQNRRAKWRK,1:2:3:4:46:49:50:53:54
RRYHTTFTSYQLEELERAFQKTHYPDVFTREELAMRLDLTEARVQVWFQNRRAKWRK,1:2:3:4:46:49:50:53:54
RRYRNTFTSYQLEELERAFQKTHYPDVFTREELAMRLDLTEARVQVWFQNRRAKWRK,1:2:3:4:46:49:50:53:54
RRERTTFTRSQLEELEALFAKTQYPDVYAREEVALKINLPESRVQVWFKNRRAKCRQ,1:2:3:4:46:49:50:53:54
RRERTTFTRSQLEELEALFAKTQYPDVYAREEVALKINLPASRVQVWFKNRRAKCRQ,1:2:3:4:46:49:50:53:54
RQERTTFTRSQLEELEALFAKTQYPDVYAREEVALKINLPESRVQVWFKNRRAKCRQ,1:2:3:4:46:49:50:53:54
RWERTTFTRSQLEELEALFAKTQYPDVYAREEVALKINLPESRVQVWFKNRRAKCRQ,1:2:3:4:46:49:50:53:54
RRERTTFTRSQLEELEALFAKTQYPDVYAREEVALKINLPESRVQVWFKNWRAKCRQ,1:2:3:4:46:49:50:53:54
RRRRTAFTQFQLQELENFFDESQYPDVVARERLAARLNLTEDRVQVWFQNRRAKWKR,1:2:3:4:46:49:50:53:54
RRRRTAFTQFQLQELENFFDESQYPDVVARERLAARLNLTEDRVQVWFQNRRARWKR,1:2:3:4:46:49:50:53:54
RRPRTAFTQNQIEVLENVFRVNCYPGIDIREDLAQKLNLEEDRIQIWFQNRRAKLKR,1:2:3:4:46:49:50:53:54
RRPRTAFTQNQIEVLENVFRVNCYPGIDIREDLAQKLNLEKDRIQIWFQNRRAKLKR,1:2:3:4:46:49:50:53:54
RRPRTAFTQNQIEVLENVFRVNCYPGIDIREDLAQKLNLEEDRIQIWFQNRCAKLKR,1:2:3:4:46:49:50:53:54
KRGRQTYTRYQTLELEKEFHYNRYLTRRRRIEIAHTLCLTERQIKIWFQNRRMRWKK,1:2:3:4:46:49:50:53:54
KRGRQTYTRYQTLELEKEFHYNRYLTRRRRIEIAHTLCLTERQIKIWFQNRRLKWKK,1:2:3:4:46:49:50:53:54
KRGRQTYTRYQTLELEKEFHYNRYLTRRRRIEIAHTLCLTERQIKIWFQNRCMKWKK,1:2:3:4:46:49:50:53:54
KLSRTAYTRQQVLELEKEFHYNRYLTRRRRIEIAHSLCLSERQIKIWFQNRRMKWKK,1:2:3:4:46:49:50:53:54
RKKRVPYTKLQLKELENEYAINKFINKDKRRRISAATNLSERQVTLWFQNRRVKDKK,1:2:3:4:46:49:50:53:54
RKKRVPYTKLQLKELENEYAINKFINKDKRRRISAATNLSERQVTIWFKNRRVKDKK,1:2:3:4:46:49:50:53:54
RKKRVPYTKLQLKELENEYAINKFINKDKRRRISAATNLSERQVTIWFRNRRVKDKK,1:2:3:4:46:49:50:53:54
RKKRVPYTKLQLKELENEYAINKFINKDKWRRISAATNLSERQVTIWFQNRRVKDKK,1:2:3:4:46:49:50:53:54
RKKRVPYTKLQLKELENEYAINKFINKDKRRRISAATNLCERQVTIWFQNRRVKDKK,1:2:3:4:46:49:50:53:54
QRVRTTFTTEQLHELEKIFHFTHYPDVHIRSQLAARINLPEARVQIWFQNQRAKWRK,1:2:3:4:46:49:50:53:54
RKPRTHFTTSQLLALERKFRQKQYLSIAERAEFSSSLNLTETQVKIWFQNRRAKAKR,1:2:3:4:46:49:50:53:54
RKPRTPFTTSQLLALERKFRQKQYLSIAEHAEFSSSLNLTETQVKIWFQNRRAKAKR,1:2:3:4:46:49:50:53:54
RKPRVLFSQAQVYELERRFKQQRYLSAPERDQLASVLKLTSTQVEIWFQNRRYKCKR,1:2:3:4:46:49:50:53:54
RKPRVLFSQAQVYELERRFKQQPYLSAPERDQLASVLKLTSTQVKIWFQNRRYKCKR,1:2:3:4:46:49:50:53:54
RKPRVLFSQAQVYELERRFKQQRYLSAPERDQLASVLKLTSTQVKIWFQNRCYKCKR,1:2:3:4:46:49:50:53:54
RKPRVLFSQAQVYELERRFKQQRYLSAPERDQLASVLKLMSTQVKIWFQNRRYKCKR,1:2:3:4:46:49:50:53:54
KKRRVLFSKAQTLELERRFRQQRYLSAPEREQLASLLRLTPTQVKIWFQNHRYKLKR,1:2:3:4:46:49:50:53:54
KKRRVLFSKTQTLELERRFRQQRYLSAPEREQLASLLRLTPTQVKIWFQNHRYKLKR,1:2:3:4:46:49:50:53:54
RRSRTTFTAEQLEELERAFERTHYPDIYTREELAQRAKLTEARVQVWFSNCRARWRK,1:2:3:4:46:49:50:53:54
HRNRTIFSPSQAEALEKEFQCGQYPDSVARGKLATATSLPEDTVRVWFSNRRAKWRR,1:2:3:4:46:49:50:53:54
QRNRTSFTQEQIEALEKEFERTHYPDVFARERLAAKIDLPEARIQVWSSNRRAKWRR,1:2:3:4:46:49:50:53:54
QRNRTSFTQEQIEALEKEFERTHYPDVFARETLAAKIDLPEARIQVWFSNRRAKWRR,1:2:3:4:46:49:50:53:54
RRNFSKQATEVLNEYFYSHLNNPYPSEEAKEELARKGGLTISQVSNWFGNKRIRYKK,1:2:3:4:46:49:50:53:54
RQNFSKQATEVLNEYFYSHLNNPYPSEEAKEELARKGGLTISQVSNWFGNKRIRYKK,1:2:3:4:46:49:50:53:54
RRIRTTFTSAQLKELERVFAETHYPDIYTREELALKIDLTEARVQVWFQNRRAKFRK,1:2:3:4:46:49:50:53:54
RRIRTTFTSAQLKELERVFAETHYPDIYTREELALKIDLTEARVRVWFQNRRAKFRK,1:2:3:4:46:49:50:53:54
RLIRTTFTSAQLKELERVFAETHYPDIYTREELALKIDLTEARVQVWFQNRRAKFRK,1:2:3:4:46:49:50:53:54
RRIRTTFTSAQLKELERVFAETHYPDIYTREELALKIDLTEAGVQVWFQNRRAKFRK,1:2:3:4:46:49:50:53:54
RRIRTTFTSAQLKELERVFAETHYPDIYTREELALKIDLTEAQVQVWFQNRRAKFRK,1:2:3:4:46:49:50:53:54
RRQRTHFTSQQLQEQEATFQRNRYPDMSTREEIAVWTNLTEARVRVWFKNRRAKWRK,1:2:3:4:46:49:50:53:54
RRQRTHFTSQQLQELEATFQRNRYPDMSTREEIAVWTNLTEARVWVWFKNRRAKWRK,1:2:3:4:46:49:50:53:54
RKKRTSIEVSVKGVLETHFLKCPKPAAQEISSLADSLQLEKEVVRVWFCNRRQKEKR,1:2:3:4:46:49:50:53:54
RKKRTSIEVSVKGVLETHFLKCPKPAAQEISSLADSLQLEKEVVGVWFCNRRQKEKR,1:2:3:4:46:49:50:53:54
RKKRTSIEVSVKGVLETHFLKCPKPAAQEISSLADSLQLEKEVMRVWFCNRRQKEKR,1:2:3:4:46:49:50:53:54
KRRRTSIAAPEKRSLEAYFAIQPRPSSEKIAAIAEKLDLKKNVVRVWFCNQRQKQKR,1:2:3:4:46:49:50:53:54
KRKRTSIAAPEKRSLEAYFAIQPRPSSEKIAAIAEKLDLKKKVVRVWFCNQRQKQKR,1:2:3:4:46:49:50:53:54
RKRRTSFTPQALEILNAHFEKNTHPSGQEMTKIAEKLNYDREVVRVWFCNKRQALKN,1:2:3:4:46:49:50:53:54
RRHRTTFSPVQLEQLESAFGRNQYPDIWARESLARDTGLSEARIQVWFQNRRAKQRK,1:2:3:4:46:49:50:53:54
RRHRTTFSPVQLEQLESAFGRNQYPDIWARESLARDTGLSEAMIQVWFQNRRAKQRK,1:2:3:4:46:49:50:53:54
KRTRTSFTAEQLYRLEMEFQRCQYVVGRERTELARQLNLSETQVKVWFQNRRTKQKK,1:2:3:4:46:49:50:53:54
PRVRTAFTMKQVRTLEGVFQHHQYLSPLERKRLAREMQLSEVQIKTWFQNRRMKHKR,1:2:3:4:46:49:50:53:54
PRVRTAFTMEQVRTLEGVFQHHQYLSPLERKRLAREMQLSEVQIKTWFQNRCMKHKR,1:2:3:4:46:49:50:53:54
RQHRTVFTAHQLEELEKAFSEAHYPDVYAREMLAVKTELPEDRIQVWFQNRRAKWRK,1:2:3:4:46:49:50:53:54
RRHRTIFTSYQLEELEKAFNEAHYPDVYAREMLAMKTELPEDRIQVWFQNRPAKWRK,1:2:3:4:46:49:50:53:54
RRHRTIFTSYQLEELEKAFNEAHYPDVYAREMLAMKTELPEDRIQVWFQNRQAKWRK,1:2:3:4:46:49:50:53:54
HKERTSFTHQQYEELEALFSQTMFPDRNLQEKLALRLDLPESTVKVWFRNRRFKLKK,1:2:3:4:46:49:50:53:54
RKARTAFTDHQLAQLERSFERQKYLSVQDRMELAASLNLTDTQVKTWYQNRRTKWKR,1:2:3:4:46:49:50:53:54
EKYRVVYTDHQRLELEKEFHCNRYITIQRKSELAVNLGLSERQVKIWFQNRRAKERK,1:2:3:4:46:49:50:53:54
RQERTVYTESQQKVLEFYFQKDQYPNYDQRLNLAEMLSLREQQLQVWFKNRRAKLAR,1:2:3:4:46:49:50:53:54
RKPRTIYCSLQLQALNRRFQQTQYLALPERAELAASLGLTQTQVKIWFQNKRSKFKK,1:2:3:4:46:49:50:53:54
RKPRTIYSSFQLAALQRRFQKTQYLALPERAELAASLGLTQTQVKIWFQNRRSKFKK,1:2:3:4:46:49:50:53:54
RRHRTIFSEEQLQALEALFVQNQYPDVSTRERLAGRIRLREERVEVWFKNRRAKWRH,1:2:3:4:46:49:50:53:54
ESYFNENQYPDEAKREEIANACNAVIQKPGKKLSDLERVTSLKVYNWFANRRKEIKR,1:2:3:4:46:49:50:53:54
NAVRTNFTTKQLTELEKEFHFNKYLTRARRVEIAASLQLNETQVKIWFQNRRMKQKK,1:2:3:4:46:49:50:53:54
RRLRTAYTNTQLLELEKEFHFNKYLCRPRRVEIAALLDLTERQVKVWFQNRRMKHKR,1:2:3:4:46:49:50:53:54
KRARTAYTRYQTLELEKEFHFNRYLTRRRRIEIAHALCLSERQIKIWFQNRRMKWKK,1:2:3:4:46:49:50:53:54
SGLRTNFTTRQLTELEKEFHFNKYLSRARRVEIAATLELNETQVKIWFQNRRMKQKK,1:2:3:4:46:49:50:53:54
KRSRTAYTRQQVLELEKEFHYNRYLTRRRRVEIAHALCLSERQIKIWFQNRRMKWKK,1:2:3:4:46:49:50:53:54
RRGRQTYSRYQTLELEKEFLFNPYLTRKRRIEVSHALGLTERQVKIWFQNRRMKWKK,1:2:3:4:46:49:50:53:54
RKKRCPYTKYQTLELEKEFLFNMYLTRDRRHEVARLLNLSERQVKIWFQNRRMKMKK,1:2:3:4:46:49:50:53:54
KRVRTAYTSAQLVELEKEFHFNRYLCRPRRVEMANLLNLTERQIKIWFQNRRMKYKK,1:2:3:4:46:49:50:53:54
RKKRCPYTKYQTLELEKEFLFNMYLTRDRRYEVARILNLTERQVKIWFQNRRMKMKK,1:2:3:4:46:49:50:53:54
PKNATRESTSTLKAWLNEHRKNPYPTKGEKIMLAIITKMTLTQVSTWFANARRRLKK,1:2:3:4:46:49:50:53:54
RKNATRDATATLKAWLNEHRKNPYPTKGEKIMLAIITKMTLTQVSTWFANARRRLKK,1:2:3:4:46:49:50:53:54
TRVRTVLNEKQLHTLRTCYAANPRPDALMKEQLVEMTGLSPRVIRVWFQNKRCKDKK,1:2:3:4:46:49:50:53:54
RGPRTTIKAKQLETLKAAFAATPKPTRHIREQLAQETGLNMRVIQVWFQNRRSKERR,1:2:3:4:46:49:50:53:54
KRPRTTITAKQLETLKNAYKNSPKPARHVREQLSSETGLDMRVVQVWFQNRRAKEKR,1:2:3:4:46:49:50:53:54
RPWGSDCGRPGRQSDSCWWLQHPYPSEEQKKQLAQDTGLTILQVNNWFINARRRIVQ,1:2:3:4:46:49:50:53:54
RKERTAFTKEQIRELEAEFAHHNYLTRLRRYEIAVNLDLTERQVKVWFQNRRMKWKR,1:2:3:4:46:49:50:53:54
QKTRTVFSSTQLCVLNDRFQRQKYLSLQQMQELSNILNLSYKQVKTWFQNQRMKSKR,1:2:3:4:46:49:50:53:54
KRSRAAFSHTQVIELERKFSHQKYLSAPERAHLAKNLKLTETQVKIWFQNRRYKTKR,1:2:3:4:46:49:50:53:54
KHSRPTFSGQQIFALEKTFEQTKYLAGPERARLAYSLGMTESQVKVWFQNRRTKWRK,1:2:3:4:46:49:50:53:54
KHTRPTFTGHQIFALEKTFEQTKYLAGPERARLAYSLGMTESQVKVWFQNRRTKWRK,1:2:3:4:46:49:50:53:54
RKKRTSIETNVRFALEKSFLANQKPTSEEILLIAEQLHMEKEVIRVWFCNRRQKEKR,1:2:3:4:46:49:50:53:54
RRNRTTFNSSQLQALERVFERTHYPDAFVREELARRVNLSEARVQVWFQNRRAKFRR,1:2:3:4:46:49:50:53:54
QPNVHAFTPLQLQELERIFQREQFPSEFLRRRLARSMNVTELAVQIWFENRRAKWRR,1:2:3:4:46:49:50:53:54
EQKTHCFKERTRSLLREWYLQDPYPNPSKKRELAQATGLTPTQVGNWFKNRRQRDRA,1:2:3:4:46:49:50:53:54
EETVYCFKEKSRNALKELYKQNRYPSPAEKRHLAKITGLSLTQVSNWFKNRRQRDRN,1:2:3:4:46:49:50:53:54
KGNLPAESVKILRDWMYKHRFKAYPSEEEKQMLSEKTNLSLLQISNWFINARRRILP,1:2:3:4:46:49:50:53:54
KKPRTSFSRSQVLELERRFLRQKYLASAERAALAKALRMTDAQVKTWFQNRRTKWRR,1:2:3:4:46:49:50:53:54
KKPRTSFSRVQICELEKRFHRQKYLASAERAALAKSLKMTDAQVKTWFQNRRTKWRR,1:2:3:4:46:49:50:53:54
RKKRTSIETNIRLTLEKRFQDNPKPSSEEISMIAEQLSMEKEVVRVWFCNRRQKEKR,1:2:3:4:46:49:50:53:54
RRHRTIFTQYQIDELEKAFQDSHYPDIYAREVLAGKTELQEDRIQVWFQNRRAKWRK,1:2:3:4:46:49:50:53:54
HRNRTIFSPGQAEALEKEFQRGQYPDSVARGKLAAATSLPEDTVRVWFSNRRAKWRR,1:2:3:4:46:49:50:53:54
KRTRQTYTRYQTLELEKEFHFNRYITRRRRIDIANALSLSERQIKIWFQNRRMKSKK,1:2:3:4:46:49:50:53:54
GEKKRRLNMEQLKALEKDFELGNKLESDRKLELARALGLQPRQIAIWFQNRRARSKT,1:2:3:4:46:49:50:53:54
EETSYCFKEKSRSVLRDWYSHNPYPSPREKRDLAEATGLTTTQVSNWFKNRRQRDRA,1:2:3:4:46:49:50:53:54
RSNLPKETVQILNTWLLNHLNNPYPTQQEKRELLIKTGLTKIQLSNWFINVRRRKIF,1:2:3:4:46:49:50:53:54
KRMRTSFKHHQLRAMKTYFALNHNPDAKDLKQLAAKTNLTKRVLQVWFQNARAKYRR,1:2:3:4:46:49:50:53:54
RKRRTTISIAAKDALERHFGEQNKPSSQEIMRMAEELNLEKEVVRVWFCNRRQREKR,1:2:3:4:46:49:50:53:54
RKARTAFTDHQLQTLEKSFERQKYLSVQERQELAHKLDLSDCQVKTWYQNRRTKWKR,1:2:3:4:46:49:50:53:54
SPKPEQILILESIFHSGMVNPPKEETVRIRKMLEKFGAVGDANVFYWFQNRRSRSRR,1:2:3:4:46:49:50:53:54
VRYTPEQVEALERVYAECPKPSSLRRQQLIRECPILCNIEPRQIKVWFQNRRCREKQ,1:2:3:4:46:49:50:53:54
RKERTAFTKEQLRELEAEFAHHNYLTRLRRYEIAVNLDLSERQVKVWFQNRRMKWKR,1:2:3:4:46:49:50:53:54
RGNLPKSSVKILKRWLYEHRYNAYPSDAEKFTLSQEANLTVLQVCNWFINARRRILP,1:2:3:4:46:49:50:53:54
RGNLPKTSVKILKRWLYEHRYNAYPSDAEKFTLSQEANLTVLQVCNWFINARRRILP,1:2:3:4:46:49:50:53:54
RRTRTNFTGWQLEELEKAFNESHYPDVFMREALALRLDLVESRVQVWFQNRRAKWRK,1:2:3:4:46:49:50:53:54
KRVRTMFNLEQLEELEKVFAKQHNLVGKKRAQLAARLKLTENQVRVWFQNRRVKYQK,1:2:3:4:46:49:50:53:54
KKPRVVLAPEEKEALRKAYQLEPYPSQQTIELLSFQLNLKTNTVINWFHNYRSRMRR,1:2:3:4:46:49:50:53:54
RGIFPKVATNILRAWLFQHLTHPYPSEDQKKQLAQDTGLTILQVNNWFINARRRIVQ,1:2:3:4:46:49:50:53:54
KKQRLVFTDLQRRTLIAIFKENKRPSKEMQVTISQQLGLELNTVSNFFMNARRRCMN,1:2:3:4:46:49:50:53:54
KRPRTILTTQQRRAFKASFEVSSKPCRKVRETLAAETGLSVRVVQVWFQNQRAKMKK,1:2:3:4:46:49:50:53:54
KKARTTFTGRQIFELEKMFENKKYLSASERTEMAKLLMVTETQVKIWFQNRRTKWKK,1:2:3:4:46:49:50:53:54
RRSRTNFNSWQLEELERAFSASHYPDIFMREALAMRLDLKESRVAVWFQNRRAKVRK,1:2:3:4:46:49:50:53:54
RRNRTTFSTFQLEELEKVFQKTHYPDVYAREQLALRTDLTEARVQVWFQNRRAKWRK,1:2:3:4:46:49:50:53:54
KKSRLVFTDLQRRTLFAIFKENKRPSKEMQITISQQLGLELTTVSNFFMNARRRSLE,1:2:3:4:46:49:50:53:54
RRGRTNFNSWQLRELERVFQGSHYPDIFMREALATKLDLMEGRIAVWFQNRRAKWRK,1:2:3:4:46:49:50:53:54
KRIRTAFTSTQLLELEREFSHNAYLSRLRRIEIANRLRLSEKQVKIWFQNRRVKQKK,1:2:3:4:46:49:50:53:54
KRARTAYTSAQLVELEKEFHFNRYLCRPRRVEMANLLNLSERQIKIWFQNRRMKYKK,1:2:3:4:46:49:50:53:54
RRQRTTFSTEQTLRLEVEFHRNEYISRSRRFELAETLRLTETQIKIWFQNRRAKDKR,1:2:3:4:46:49:50:53:54
RRGRQTYSRFQTLELEKEFLFNPYLTRKRRIEVSHTLALTERQVKIWFQNRRMKWKK,1:2:3:4:46:49:50:53:54
RKKRKPYTKQQIAELENEFLVNEFINRQKRKELSNRLNLSDQQVKIWFQNRRMKKKR,1:2:3:4:46:49:50:53:54
RRGRQTYTRFQTLELEKEFHFNHYLTRRRRIEIAHALCLTERQIKIWFQNRRMKLKK,1:2:3:4:46:49:50:53:54
RKKRVPYTKVQLKELEKEYAASKFITKEKRRRISATTNLSERQVTIWFQNRRVKEKK,1:2:3:4:46:49:50:53:54
RKKRCPYTKYQIRELEREFFFNVYINKEKRLQLSRMLNLTDRQVKIWFQNRRMKEKK,1:2:3:4:46:49:50:53:54
KKPRTSFTRLQICELEKRFHRQKYLASAERAALAKALKMTDAQVKTWFQNRRTKWRR,1:2:3:4:46:49:50:53:54
KRSRTSYTRYQTLELEKEFHFNRYLTRRRRIEIANNLCLNERQIKIWFQNRRMKWKK,1:2:3:4:46:49:50:53:54
KKTRTVFSRSQVYQLESTFDMKRYLSSSERACLASSLQLTETQVKTWFQNRRNKWKR,1:2:3:4:46:49:50:53:54
RRQRTHFTSQQLQELEATFQRNRYPDMSMREEIAVWTNLTEPRVRVWFKNRRAKWRK,1:2:3:4:46:49:50:53:54
SAIRTNFSTKQLTELEKEFHFNKYLTRARRIEIANCLQLNDTQVKIWFQNRRMKQKK,1:2:3:4:46:49:50:53:54
RKRKRTSIENRVRGNLENLFLQCPKPTLQISHIAQQLGLEKDVVRVWFCNRRQKGKR,1:2:3:4:46:49:50:53:54
RRNFSKQATEILNEYFYSHLSNPYPSEEAKEELAKKCSITVSQVSNWFGNKRIRYKK,1:2:3:4:46:49:50:53:54
RKNATRESTATLKAWLNEHKKNPYPTKGEKIMLAIITKMTLTQVSTWFANARRRLKK,1:2:3:4:46:49:50:53:54
KKTRTTFTAYQLEELERAFERAPYPDVFAREELAIKLNLSESRVQVWFQNRRAKWRK,1:2:3:4:46:49:50:53:54
RKARTVFSDSQLSGLEKRFEIQRYLSTPERVELATALSLSETQVKTWFQNRRMKHKK,1:2:3:4:46:49:50:53:54
QKSPSKEERETLVEECNRAECIQRGVSPSQAQGLGSNLVTEVRVYNWFANRRKEEAF,1:2:3:4:46:49:50:53:54
KKPRTSFTRIQVAELEKRFHKQKYLASAERAALARGLKMTDAQVKTWFQNRRTKWRR,1:2:3:4:46:49:50:53:54
RYRRTRFTHFQLHDLERLFQETRYPSLRARRDLARWMGVDECDVQNWFRMRRALFQR,1:2:3:4:46:49:50:53:54
KRPRTAFSAAQIKALETEFERGKYLSVAKRTALAKQLQLTETQIKIWFQNRRTKWKR,1:2:3:4:46:49:50:53:54
RRYRTTFNTLQLQELERAFQRTHYPDVFFREELAVRIDLTEARVQVWFQNRRAKWRK,1:2:3:4:46:49:50:53:54
RKIRTVYTEEQKCVLKKHFHKCTYPSREQRMALAVLVGVTANEIQIWFKNHRAKSKR,1:2:3:4:46:49:50:53:54
RKERTVYSKEQQCLLQKHFDECQYPNEKKIVELALSVGVTKREIKIWFKNNGAKYRR,1:2:3:4:46:49:50:53:54
RKERTVYTKEEQGLLQKHFDECQYPNKKKIVELALSVGVTKREIKIWFKNNRAKYRQ,1:2:3:4:46:49:50:53:54
RRSRTAFTAQQLEALEKTFQKTHYPDVVMRERLAMCTNLPEARVQVWFKNRRAKFRK,1:2:3:4:46:49:50:53:54
RRNRTTFTTYQLHQLERAFEASHYPDVYSREELAAKVHLPEVRVQVWFQNRRAKWRR,1:2:3:4:46:49:50:53:54
RGVLPKHATNIMRSWLFQHLMHPYPTEDEKRQIAAQTNLTLLQVNNWFINARRRILQ,1:2:3:4:46:49:50:53:54
KRMRTAFTSTQLLELEREFSSNMYLSRLRRIEIATYLNLSEKQVKIWFQNRRVKHKK,1:2:3:4:46:49:50:53:54
RKNATRESTSALKAWLHEHRKNPYPTKGEKIMLAIITKMTLTQVSTWFANARRRLKK,1:2:3:4:46:49:50:53:54
RRKRTSFSAEQLQLLELVFRRTRYPDIHLRERLAALTLLPESRIQVWFQNRRAKSRR,1:2:3:4:46:49:50:53:54
KHTRPTFSGQQIFALEKTFEQTKYLAGPERAKLAYALGMSESQVKVWFQNRRTKWRK,1:2:3:4:46:49:50:53:54
RKARTAFSDHQLNQLERSFERQKYLSVQDRMDLAAALNLTDTQVKTWYQNRRTKWKR,1:2:3:4:46:49:50:53:54
RKERTAFSKTQLKQLEAEFCYSNYLTRLRRYEIAVALELTERQVKVWFQNRRMKCKR,1:2:3:4:46:49:50:53:54
RGPRTTIKAKQLEVLKTAFNQTPKPTRHIREQLAKETGLPMRVIQVWFQNKRSKERR,1:2:3:4:46:49:50:53:54
RKSRTAFTNHQIFELEKRFLYQKYLSPADRDEIAASLGLSNAQVITWFQNRRAKQKR,1:2:3:4:46:49:50:53:54
KGGQIRFTSQQTKNLEARFASSKYLSPEERRHLALQLKLTDRQVKTWFQNRRAKWRR,1:2:3:4:46:49:50:53:54
KRVRTIFTPEQLECLEAEFERQQYMVGPERLYLAHTLKLTEAQVKVWFQNRRIKWRK,1:2:3:4:46:49:50:53:54
KRVRTAFSPTQLLKLEHAFEGNHYVVGAERKQLAQGLSLTETQVKVWFQNRRTKHKR,1:2:3:4:46:49:50:53:54
KRLFTPDIKRMLKDWLIRRRENPYPSREEKKQLAAETGLTYTQICNWFANWRRKLKN,1:2:3:4:46:49:50:53:54
RRPRTAFTSQQLLELEKQFKQNKYLSRPKRFEVASGLMLSETQVKIWFQNRRMKWKR,1:2:3:4:46:49:50:53:54
KRPRTILNTQQRRAFKASFEVSPKPCRKVRENLAKDTGLSLRIVQVWFQNQRAKVKK,1:2:3:4:46:49:50:53:54
KRPRTILTSQQRKQFKASFDQSPKPCRKVREALAKDTGLSVRVVQVWFQNQRAKMKK,1:2:3:4:46:49:50:53:54
RRHRTTFTQEQLAELEAAFAKSHYPDIYCREELARTTKLNEARIQVWFQNRRAKYRK,1:2:3:4:46:49:50:53:54
RRRRTAFTHAQLAYLERKFRCQKYLSVADRSDVAETLNLSETQVKTWYQNRRTKWKR,1:2:3:4:46:49:50:53:54
RRIRTTFTSNQLNELEKIFLETHYPDIYTREEIASKLHLTEARVQVWFQNRRAKFRK,1:2:3:4:46:49:50:53:54
RRSRTTFTTFQLHQLERAFEKTQYPDVFTREDLAMRLDLSEARVQVWFQNRRAKWRK,1:2:3:4:46:49:50:53:54
RRNRTTFTPQQLQELEALFQKTHYPDVFLREEVALRISLSEARVQVWFQNRRAKWRK,1:2:3:4:46:49:50:53:54
IRSSRPKKAANVPILEKTYAKSTRLDKKKLVPLSKQTDMSEREIERWWRLRRAQDKP,1:2:3:4:46:49:50:53:54
RRYRICFTPIQLQELEAFFQRVQYPDLFARVELARRLGLPEPRVQVWFQNRRAKWRR,1:2:3:4:46:49:50:53:54
GNRLPKTTVRTLEDWFNRNVDCPYLKRSSLRTLIRQTNLSALQIKNWVSNRRRKERS,1:2:3:4:46:49:50:53:54
QVRRTTISIAAKDALERHFGEQNKPSSQEIMRMAEELNLEKEVVRVWFCNRRQREKR,1:2:3:4:46:49:50:53:54
QKRRTTISIAAKDALERHFGEQNKPSSQEIMRMAEELNLEKEVVRVWFCNRRQREKR,1:2:3:4:46:49:50:53:54
EQRRTTISIAAKDALERHFGEQNKPSSQEIMRMAEELNLEKEVVRVWFCNRRQREKR,1:2:3:4:46:49:50:53:54
PTTEQIKILKELYYNNAIRSPTADQIQKITARLRQFGKIEGKNVFYWFQNHKARERQ,1:2:3:4:46:49:50:53:54
TKKRKPYSKFQTLELEKEFLFNAYVSKQKRWELARNLQLTERQVKIWFQNRRMKNKK,1:2:3:4:46:49:50:53:54
RRNFSKQASEILNEYFYSHLSNPYPSEEAKEELARKCGITVSQVSNWFGNKRIRYKK,1:2:3:4:46:49:50:53:54
WKKRKPYSKFQTLELEKEFLFNAYVSKQKRWELARNLQLTERQVKIWFQNRRMKNKK,1:2:3:4:46:49:50:53:54
GKKRKPYSKFQTLELEKEFLFNAYVSKQKRWELARNLQLTERQVKIWFQNRRMKNKK,1:2:3:4:46:49:50:53:54
RRKRTAVTGSQTALLLRAFEKDRFPGIAAREELARETGLPESRIQIWFQNRRARHPG,1:2:3:4:46:49:50:53:54
KRARTSFTADQLQVMQAQFAQDNNPDAQTLQKLAERTGLSRRVIQVWFQNCRARHKK,1:2:3:4:46:49:50:53:54
AGNLPKESVQILRDWLYEHRYNAYPSEQEKALLSQQTHLSTLQVCNWFINARRRLLP,1:2:3:4:46:49:50:53:54
RRYRTTFTSFQLEELEKAFSRTHYPDVFTREELAMKIGLTEARIQVWFQNRRAKWRK,1:2:3:4:46:49:50:53:54
HRKRTMFTKKQLEDLNILFNENPYPNPSLQKEMASKIDIHPTVLQVWFKNHRAKLKK,1:2:3:4:46:49:50:53:54
RRNRTTFTLQQLEALEAVFAQTHYPDVFTREELAMKINLTEARVQVWFQNRRAKWRK,1:2:3:4:46:49:50:53:54
KRKRTSIGAAEKRSLEAYFAMNPRPSSDKIASIAEKLDLSKNVVRVWFCNQRQKKKR,1:2:3:4:46:49:50:53:54
RRQRTHFTSHQLTELENWFARNRYPDMACREEIAVWISLTEPRVRVWFKNRRAKWRK,1:2:3:4:46:49:50:53:54
TRVRTVLNEQQLKILKDCYSCNSRPDASLKEKLVEMTGLNARVIRVWFQNKRCKDKK,1:2:3:4:46:49:50:53:54
KGGQVRFSNDQTIELEKKFETQKYLSPPERKRLAKMLQLSERQVKTWFQNRRAKWRR,1:2:3:4:46:49:50:53:54
KRPRLVFTDIQKRTLQAIFKETQRPSREMQQTIAEHLRLDLSTVANFFMNARRRSRL,1:2:3:4:46:49:50:53:54
AELDPLNETIFREQMYAIYQVCQYPSKEQYAEWAQTYQIQQRRIRKWFDNRRTRDRE,1:2:3:4:46:49:50:53:54
KGNLPAESVKILRDWMYKHRFKAYPSEEEKQMLSEKTNLSLLRISNWFINARRRILP,1:2:3:4:46:49:50:53:54
KRTRQTYSRSQTLELEKEFHYHKYLTRKRRQEISETLHLTERQVKIWFQNRRMKHKK,1:2:3:4:46:49:50:53:54
KGHEDDSYEARKSFLTKYFNKQPYPTRREIEKLAASLWLWKSDIASHFSNKRKKCVR,1:2:3:4:46:49:50:53:54
TAEQVRELELSFEEEKRKLEPKRKLEPERKSELARRLGIAPRQVAVWFQNRRARWRS,1:2:3:4:46:49:50:53:54
TKFTQEQKEKMISFAERVGWKIQRQEESVVQQLCQEIGIRRRVLKVWMHNNKQNLSK,1:2:3:4:46:49:50:53:54
RKPRTIYSSLQLQALNRRFQQTQYLALPERAELAASLGLTQTQVKIWFQNKRSKFKK,1:2:3:4:46:49:50:53:54
KKPRTSFSRIQICELEKRFHRQKYLASSERAALAKSLKMTDAQVKTWFQNRRTKWRR,1:2:3:4:46:49:50:53:54
RRNRTSFSQHQLFILESAFQITQYPDIFYRDALASRTLLTEARIQVWFQNRRAKYRK,1:2:3:4:46:49:50:53:54
QRNRTSFTQIQVEALEKEFERTHYPDVFARERLATKIDLPEARIQVWFSNRRAKWRR,1:2:3:4:46:49:50:53:54
RRSRTRFSSEQLSILESAFSLGHYPPVGVREKLASRTGLTEARVQVWFSNRRAKWRR,1:2:3:4:46:49:50:53:54
KRHRTRFAPSQLSELERSFSSTHYPDIFMREEIAHRIGLTESRVQVWFQNRRAKWKK,1:2:3:4:46:49:50:53:54
KRPRTAFTPEQIKRLEAEFHRNKYLSVGKRMELSKALKLTETQIKIWFQNRRTKWKR,1:2:3:4:46:49:50:53:54
RRPRTAFTSQQLLELERQFKLNKYLSRPKRFEVATTLQLTETQVKIWFQNRRMKWKR,1:2:3:4:46:49:50:53:54
RGIFPKQATNIMRAWLFQNLTHPYPTEEQKKSLANQTGLTILQVNNWFINARRRIVQ,1:2:3:4:46:49:50:53:54
KRPRTILNAVQRRAFKAAFEVTPKPCRKVRETLAKDTGLTVRVVQVWFQNQRAKMKK,1:2:3:4:46:49:50:53:54
KRTRTAYTRYQTLELEKEFHYNRYLTRRRRIEVAHTLCLTERQIKIWFQNRRMKWKK,1:2:3:4:46:49:50:53:54
KRPRTAYTRHQVLELEKEFHYNRYLTRRRRIEIAHGLCLSERQVKIWFQNRRMKWKK,1:2:3:4:46:49:50:53:54
KRERTAYTNSQLVELEKEFHFSHYLCRPRRIELAQGLGLTERQIKIWFQNRRMKFKK,1:2:3:4:46:49:50:53:54
NNGRTNFTTKQLTELEKEFHFNKYLTRARRVEIAAALRLNETQVKIWFQNRRMKQKK,1:2:3:4:46:49:50:53:54
QRNPTKEEREELVKKCNRAECNQRGVSPSHANGLGSNLVTEVRVYNWFANRRKEDAF,1:2:3:4:46:49:50:53:54
KRMRTAFTGSQLLELEREFHSDMYLTRLRRIRIAQMLNLSEKQIKIWFQNRRVKKKK,1:2:3:4:46:49:50:53:54
KRIRTAFTPGQLLRLEHEFDKNHYVVGAERKQLANNLKLTETQVKVWFQNRRTKFKR,1:2:3:4:46:49:50:53:54
DKYRVVYSDHQRLELEKEFRFSRYITIRRKAELAGLLCLSERQIKIWFQNRRAKERK,1:2:3:4:46:49:50:53:54
RKRRVLFSQAQVYELERRFKQQKYLSAPEREHLASMIHLTPTQVKIWFQNHRYKMKR,1:2:3:4:46:49:50:53:54
QRGLPERAVSVLRAWLFEHFLHPYPKDSDKIMLAKQTGLTRSQVSNWFINARVRLWK,1:2:3:4:46:49:50:53:54
RKRRVLFSKAQTYELERRFRQQRYLSAPEREHLASLIRLTPTQVKIWFQNHRYKMKR,1:2:3:4:46:49:50:53:54
GVKKRKLSEDQVNLLEMNFGNEHKLESERKDKLASELGLDPRQVAVWFQNRRARWKN,1:2:3:4:46:49:50:53:54
RKSRVLFSQAQVLALERRFKQQRYLTAPEREHLASALQLTSTQVKIWFQNRRYKSKS,1:2:3:4:46:49:50:53:54
RRKRRRTSSYELGILQTAFDECPTPNKAKRIELSEQCNMSEKSVQIWFQNKRQAAKK,1:2:3:4:46:49:50:53:54
RRSRTIFTELQLMGLEKKFQKQKYLSTPDRLDLAQSLGLTQLQVKTWYQNRRMKWKK,1:2:3:4:46:49:50:53:54
RSNLPKATVSILNKWLHEHVNNPYPTVQEKRELLAKTGLTKLQISNWFINARRRKIF,1:2:3:4:46:49:50:53:54
RRLRTAFTPQQISKLEQAFNKQRYLGAPERKKLATSLQLSEIQVKTWFQNRRMKLKR,1:2:3:4:46:49:50:53:54
GHRFTKENVRILESWFAKNIENPYLDTKGLENLMKNTSLSRIQIKNWVSNRRRKEKT,1:2:3:4:46:49:50:53:54
RKPRTIYSSYQLAALQRRFQKAQYLALPERAELAAQLGLTQTQVKIWFQNRRSKFKK,1:2:3:4:46:49:50:53:54
KKPRLVFTDVQRRTLHAIFKENKRPSKELQITISQQLGLELSTVSNFFMNARRRSLD,1:2:3:4:46:49:50:53:54
RRERTTFTRAQLDVLEALFAKTRYPDIFMREEVALKINLPESRVQVWFKNRRAKCRQ,1:2:3:4:46:49:50:53:54
LSPSQPPLKNLLSLLKAYYALNAQPSAEELSKIADSVNLPLDVVKKWFEKMQAGQIS,1:2:3:4:46:49:50:53:54
NEGRKRFTDKQISFLEYMFETQSRPELRMKHQLAHKLGLHPRQVAIWFQNKRARSKS,1:2:3:4:46:49:50:53:54
KRKRTSIENRVRGNLENLFLQCPKPTLQQISHIAQQLGLEKDVVRVWFCNRRQKGKR,1:2:3:4:46:49:50:53:54
RGNLPKESVKILRDWLYLHRYNAYPSEQEKLSLSGQTNLSVLQICNWFINARRRLLP,1:2:3:4:46:49:50:53:54
RKRRTTISVAAKDALERHFGEHSKPSSQEIMRMAEELNLEKEVVRVWFCNRRQREKR,1:2:3:4:46:49:50:53:54
DKYRVVYTDHQRLELEKEFHFSRYITIRRKSELAATLGLSERQVKIWFQNRRAKERK,1:2:3:4:46:49:50:53:54
RPKRTRAKGEALDVLKRKFEINPTPSLVERKKISDLIGMPEKNVRIWFQNRRAKLRK,1:2:3:4:46:49:50:53:54
RRCRTTFSASQLDELERAFERTQYPDIYTREELAQRTNLTEARIQVWFSNRRARLRK,1:2:3:4:46:49:50:53:54
RRHRTTFNPAQLEQLESAFGRNQYPDIWAREGLAQDTGLSEARIQVWFQNRRAKQRK,1:2:3:4:46:49:50:53:54
DKYRVVYTDFQRLELEKEYCTSRYITIRRKSELAQTLSLSERQVKIWFQNRRAKERT,1:2:3:4:46:49:50:53:54
ILRRAVFSEEQRKALEKMFQKQKYISKTDRRKLAVSLGLKESQVKIWFQNRRMKWRN,1:2:3:4:46:49:50:53:54
MLRRAVFSDVQRKALEKTFQKQKYISKPDRKKLASKLGLKDSQVKIWFQNRRMKWRN,1:2:3:4:46:49:50:53:54
RKKRCPYSKFQIRELEREFFFNVYINKEKRLQLSRMLNLTDRQVKIWFQNRRMKEKK,1:2:3:4:46:49:50:53:54
RRKRRRTSSQELSILQAEFEKCPAPSKEKRIELAESCHMTEKAVQIWFQNKRQAVKR,1:2:3:4:46:49:50:53:54
RPRTKISVEALGILQSFIQDVGLYPDEEAIQTLSAQLDLPKYTIIKFFQNQRYYLKH,1:2:3:4:46:49:50:53:54
RSGRQTYSRYQTLELEKEFLFNPYLTRKRRIEVSHALGLTERQVKIWFQNRRMKWKK,1:2:3:4:46:49:50:53:54
PEKKRRLTTEQVHLLEKSFETENKLEPERKTQLAKKLGLQPRQVAVWFQNRRARWKT,1:2:3:4:46:49:50:53:54
AEKKRRLGVEQVKALEKNFEIDNKLEPERKVKLAQELGLQPRQVAIWFQNRRARWKT,1:2:3:4:46:49:50:53:54
KTKYHRHTSYQIQELESFFKECPHPNEKQRLELGKKLTLESKQIKFWFQNRRTQMKT,1:2:3:4:46:49:50:53:54
LSPGQPPLKNLLSLLKAYYALNAQPSAEELSKIADSVNLPLDVVKKWFEKMQAGQIS,1:2:3:4:46:49:50:53:54
KRSRAAFSHAQVFELERRFNHQRYLSGPERADLAASLKLTETQVKIWFQNRRYKTKR,1:2:3:4:46:49:50:53:54
KRSRTAFTSVQLVELENEFKSNMYLYRTRRIEIAQRLSLCERQVKIWFQNRRMKFKK,1:2:3:4:46:49:50:53:54
RRHRTVFTAHQLEELEKAFGEAHYPDVYAREMLAAKTELPEDRIQVWFQNRRAKWRK,1:2:3:4:46:49:50:53:54
SKPRHKFSRDELKRLKQEFAYAPYPDFTTKDELARQFQCEVSVIDNWFQNKRARLAP,1:2:3:4:46:49:50:53:54
RKSRTAFTAQQVLELERRFVFQKYLAPSERDGLAARLGLANAQVVTWFQNRRAKLKR,1:2:3:4:46:49:50:53:54
RRVRTTFTTEQLQELEKLFHFTHYPDIHVRSQLASRINLPEARVQIWFQNQRAKWRK,1:2:3:4:46:49:50:53:54
KRMRTSFKHHQLRTMKSYFAINHNPDAKDLKQLSQKTGLPKRVLQVWFQNARAKWRR,1:2:3:4:46:49:50:53:54
QLPRVVLAPEEKEALKRAYQQKPYPSPKTIEELATQLNLKTSTVINWFHNYRSRIRR,1:2:3:4:46:49:50:53:54
KKTRTVFSRAQVFQLESTFDLKRYLSSSERAGLAASLRLTETQVKIWFQNRRNKWKR,1:2:3:4:46:49:50:53:54
KRPRTAFSGTQLARLKHEFNENRYLTEKRRQQLSGELGLNEAQIKIWFQNKRAKLKK,1:2:3:4:46:49:50:53:54
KKPRLVFTDLQRRTLQAIFKETKRPSKEMQVTIARQLGLEPTTVGNFFMNARRRSMD,1:2:3:4:46:49:50:53:54
DKYRVVYTDFQRLELEKEYCTSRYITIRRKSELAQTLSLSERQVKIWFQNRRAKERK,1:2:3:4:46:49:50:53:54
RKERTVYTKEQQGLLQKHFDECQYPNKKKIVELALSVGVTKREIKIWFKNNRAKYRR,1:2:3:4:46:49:50:53:54
RKPRTIYSSLQLQHLDQRFQHTQYLALPERAQLAAQLGLTQTQVKIWFQNKRSKYKK,1:2:3:4:46:49:50:53:54
QRKTKRKTKEQLAILKSFFLQCQWARREDYHKLEQITGLPRPEIIQWFGDTRYALKH,1:2:3:4:46:49:50:53:54
RYRRTRFTHSQLHDLERLFQETRYPSLRARRDLARWMGVDECDVQNWFRMRRALFQR,1:2:3:4:46:49:50:53:54
RKRRVLFSKAQTLELERRFRQQRYLSAPEREQLARLLRLTPTQVKIWFQNHRYKLKR,1:2:3:4:46:49:50:53:54
RKQHTVYSKEQQHLLKEHFKECQYPNEKKIVELAVLVGVTKMEIKIWMNLQNIKQAL,1:2:3:4:46:49:50:53:54
RKERTVYSKEQQCLLQKHFDEFQYPNEKKIVELALSVGVTKREIKIWFKNNRAKYRR,1:2:3:4:46:49:50:53:54
RKRRCPYTKYQTLELEKEFLFNMYLTRDRRYEVARVLNLTERQVKIWFQNRRMKMKK,1:2:3:4:46:49:50:53:54
RKKRTSIEVSVKGALESHFLKCPKPSAQEITNLADSLQLEKEAVRVWFCNRRQKEKR,1:2:3:4:46:49:50:53:54
RKKRCPYTKHQTLELEKEFLFNMYLTRDRRYEVARLLNLTERQVKIWFQNRRMKMKK,1:2:3:4:46:49:50:53:54
RKKRCPYTKHQTLELEKEFLFNMYLTRERRLEISRSVHLTDRQVKIWFQNRRMKLKK,1:2:3:4:46:49:50:53:54
RRARTAFTYEQLVALENKFKATRYLSVCERLNLALSLSLTETQVKIWFQNRRTKWKK,1:2:3:4:46:49:50:53:54
RKKRNMPSIEQKLVLKEHFDESKYLNKEQCKSLAQKLGMKEKQIKTHFKNKRARERR,1:2:3:4:46:49:50:53:54
RRGRQIYSRYQTLELEKEFHFNRYLTRRRRIEIANALCLTERQIKIWFQNRRMKWKK,1:2:3:4:46:49:50:53:54
KRSRAAYTRQQVLELEKEFHYNRYLTRRRRIEIAHSLCLSERQIKIWFQNRRMKWKK,1:2:3:4:46:49:50:53:54
RGIFPKVATNIMRAWLFQHLWHPYPSEEQKKQLVQDTGLTILQVNNWFINARRRMVQ,1:2:3:4:46:49:50:53:54
SNNQKRFSEEQIKSLELIFESETRLEPRKKVQVARELGLQPRQVAIWFQNKRARWKT,1:2:3:4:46:49:50:53:54
MIKKKRLTSGQLASLERSFQEEIKLDSDRKVKLSRELGLQPRQIAVWFQNRRARWKA,1:2:3:4:46:49:50:53:54
TPTPVQLQILERIFDQGTGTPSKQKIKDITEELSQHGQIAEQNVYNWFQNRRARSKR,1:2:3:4:46:49:50:53:54
KKTRTLYRSDQLEELEKIFQEDHYPDSDKRREIAQTVGVTPQRIMVKGAGSLVAGWS,1:2:3:4:46:49:50:53:54
AKRRTTISIAAKDALERHFGEHSKPSSQEIMRMAEELNLEKEVVRVWFCNRRQREKR,1:2:3:4:46:49:50:53:54
KVLRTNFTTRQLTELEKEFHFNKYLSRARRVEIAATLELNETQVKIWFQNRRMKQKK,1:2:3:4:46:49:50:53:54
WMARQTYTRYQTLELEKEFHTNHYLTRRRRIEMAHALSLTERQIKIWFQNRRMKLKK,1:2:3:4:46:49:50:53:54
ERKKRTSIETNIRVALEKSFLENQKTSEEITMIADQLNMEKEVIRVWFCNRRQKEKR,1:2:3:4:46:49:50:53:54
RKKRTSIETNIRVALEKSFLENQKPTSEEITMIADQLNMEKEVIRVWFSNRRQKEKR,1:2:3:4:46:49:50:53:54
GHRFTKENVRILESWFAKNIENPYLDTKGLENLMKNTSLSRIQIKNWVAARRAKEKT,1:2:3:4:46:49:50:53:54
LNDAESIETNIRVALEKSFLENQKPTSEEITMIADQLNMEKEVIRVWFCNRRQKEKR,1:2:3:4:46:49:50:53:54
RKKRTSIETTIRGALEKAFLANQKPTSEEITQLADRLSMEKEVVRVWFCNRRQKEKR,1:2:3:4:46:49:50:53:54
KRPRTAFSSEQLARLKREFNENRYLTERRRQQLSSELGLNEAQVKGWFKNMRAKIKK,1:2:3:4:46:49:50:53:54
RVQRTSYTRYQTLELEKEFHFNRYLTRRRRIEIAHALSLTERQIKIWFQNRRMKWKK,1:2:3:4:46:49:50:53:54
LRQRTSYTRYQTLELEKEFHFNRYLTRRRRIEIAHALSLTERQIKIWFQNRRMKWKK,1:2:3:4:46:49:50:53:54
RKRRTSFTPQAIEALNAYFEKNPLPTGQEITEMAKELNYDREVVRVWFSNRRQTLKN,1:2:3:4:46:49:50:53:54
KRKRTSIENRVRWSLETMFLKSPKPSLQQITHIANQLGLEKDVVRVWFSNRRQKGKR,1:2:3:4:46:49:50:53:54
KRHRTRFTPAQLNELERCFSKTHYPDIFMREEIAMRIGLTESRVQVWFQNRRAKWKK,1:2:3:4:46:49:50:53:54
RKARTVFSDPQLSGLEKRFEGQRYLSTPERVELATALGLSETQVKTWFQNRRMKHKK,1:2:3:4:46:49:50:53:54
RRNRTTFSSAQLTALEKVFERTHYPDAFVREELATKVHLSEARVQVWFQNRRAKFRR,1:2:3:4:46:49:50:53:54
KRVRTTFTEEQLQVLQANFQIDSNPDGQDLERIASVTGLSKRVTQVWFQNSRARQKK,1:2:3:4:46:49:50:53:54
EQKTHCFKERTRSLLREWYLQDPYPNPTKKRELAKATGLNPTQVGNWFKNRRQRDRA,1:2:3:4:46:49:50:53:54
KKQRVLFSEEQKEALRLAFALDPYPNVGTIEFLANELGLATRTITNWFHNHRMRLKQ,1:2:3:4:46:49:50:53:54
